,loss,accuracy,val_loss,val_accuracy
0,0.7160700222720271,0.5869565010070801,0.5272053531978441,0.550000011920929
1,0.5618866319241731,0.72826087474823,0.43892277841982635,0.8500000238418579
2,0.5003868652426678,0.782608687877655,0.3873379904290904,0.800000011920929
